"id","jumlah_penumpang"
1,18376281.9598641
2,18376281.9598641
3,18696770.4076243
4,18281694.3467315
5,18721297.0769259
6,18978553.2797003
